{
    "clipName": "Walking",
    "posMin": -0.4719698429107666,
    "posMax": 1.57405686378479,
    "posRange": 2.0460267066955568,
    "vertexCount": 12473,
    "frameCount": 29,
    "fps": 30,
    "clipLength": 0.9666666984558106
}