{
    "clipName": "Walking",
    "posMin": -0.518954873085022,
    "posMax": 1.5878125429153443,
    "posRange": 2.106767416000366,
    "vertexCount": 12473,
    "frameCount": 29,
    "fps": 30,
    "clipLength": 0.9666666984558106
}