{
    "clipName": "Walking",
    "posMin": -57.18085479736328,
    "posMax": 179.89376831054688,
    "posRange": 237.07461547851563,
    "vertexCount": 1748,
    "frameCount": 29,
    "fps": 30,
    "clipLength": 0.9666666984558106
}