{
    "clipName": "Idle",
    "posMin": -4.76837158203125e-7,
    "posMax": 2.980232238769531e-7,
    "posRange": 7.748603820800781e-7,
    "vertexCount": 12473,
    "frameCount": 10,
    "fps": 30,
    "clipLength": 0.3333333432674408
}